run_timestamp,proveedor,codigo,url,tipo_error,nombre,precio
2026-09-07 17:33:14,RODO MATERIALES,39,https://www.rodomateriales.com.ar/producto/cbwle/block-de-cemento-13x20x40,SKIP,Importante,Precio no encontrado
2026-09-07 17:33:14,LA YESERA ROSARINA,37,https://tienda.layeserarosarina.com.ar/productos/placas-durlock-125mm-12x240-m/,SKIP,Nombre no encontrado,$16.880
2026-09-07 17:33:14,DURLINE,38,https://www.durline.com.ar/#!/producto/83/,SKIP,Placa Durlock Est Ref 12.5mm 1.20x2m *Durlock,"$14.300,,00"
2026-09-07 17:33:14,LA ECONOMICA,34,https://laeconomica.com.ar/tienda/materiales-de-construccion/cementos/copia-de-cemento-avellaneda-x-50-kg/,SKIP,Nombre no encontrado,"$0,00"
2026-09-07 17:33:14,LA ECONOMICA,34,https://laeconomica.com.ar/tienda/materiales-de-construccion/arenas/arena-comun-x-metro/,SKIP,Nombre no encontrado,"$0,00"
2026-09-07 17:33:14,LA ECONOMICA,35,https://laeconomica.com.ar/tienda/materiales-de-construccion/cales-molidas/cal-hidratada-extra-avellaneda-x-25-kg/,HTTP 404,,
2026-09-07 17:33:14,LA ECONOMICA,35,https://laeconomica.com.ar/tienda/materiales-de-construccion/cales-molidas/cal-hidratada-santa-elena-x-20-kg/,SKIP,Nombre no encontrado,"$0,00"
2026-09-07 17:33:14,LA ECONOMICA,36,https://laeconomica.com.ar/tienda/materiales-de-construccion/arenas/bolson-de-arena-grande/,SKIP,Nombre no encontrado,"$0,00"
2026-09-07 17:33:14,LA ECONOMICA,36,https://laeconomica.com.ar/tienda/materiales-de-construccion/arenas/bolson-de-arena-chico/,SKIP,Nombre no encontrado,"$0,00"
2026-09-07 17:33:14,EL LADRILLERO,20,https://elladrillero.com.ar/cobcgi?proid=cgsoftware&prog=loginw1&func=Detalle&codigo=0001.107,HTTP 530,,
2026-09-07 17:33:14,EL LADRILLERO,21,https://elladrillero.com.ar/cobcgi?proid=cgsoftware&prog=loginw1&func=Detalle&codigo=0001.405,HTTP 530,,
2026-09-07 17:33:14,EL LADRILLERO,21,http://elladrillero.com.ar/cobcgi?proid=cgsoftware&prog=loginw1&func=Detalle&codigo=0002.204,HTTP 530,,
2026-09-07 17:33:14,EL LADRILLERO,22,https://elladrillero.com.ar/cobcgi?proid=cgsoftware&prog=loginw1&func=Detalle&codigo=0003.006,HTTP 530,,
2026-09-07 17:33:14,EL LADRILLERO,22,https://elladrillero.com.ar/cobcgi?proid=cgsoftware&prog=loginw1&func=Detalle&codigo=0003.007,HTTP 530,,
2026-09-07 17:33:14,EL LADRILLERO,23,https://elladrillero.com.ar/cobcgi?proid=cgsoftware&prog=loginw1&func=Detalle&codigo=0003.042,HTTP 530,,
2026-09-07 17:33:14,EL LADRILLERO,23,https://elladrillero.com.ar/cobcgi?proid=cgsoftware&prog=loginw1&func=Detalle&codigo=0003.107,HTTP 530,,
2026-09-07 17:33:14,EL LADRILLERO,24,https://elladrillero.com.ar/cobcgi?proid=cgsoftware&prog=loginw1&func=Detalle&codigo=0003.133,HTTP 530,,
2026-09-07 17:33:14,EL LADRILLERO,24,https://elladrillero.com.ar/cobcgi?proid=cgsoftware&prog=loginw1&func=Detalle&codigo=0003.090,HTTP 530,,
2026-09-07 17:33:14,EL LADRILLERO,25,https://elladrillero.com.ar/cobcgi?proid=cgsoftware&prog=loginw1&func=Detalle&codigo=0003.091,HTTP 530,,
2026-09-07 17:33:14,EL LADRILLERO,25,https://elladrillero.com.ar/cobcgi?proid=cgsoftware&prog=loginw1&func=Detalle&codigo=0004.002,HTTP 530,,
2026-09-07 17:33:14,EL LADRILLERO,26,https://elladrillero.com.ar/cobcgi?proid=cgsoftware&prog=loginw1&func=Detalle&codigo=0004.003,HTTP 530,,
2026-09-07 17:33:14,EL LADRILLERO,26,https://elladrillero.com.ar/cobcgi?proid=cgsoftware&prog=loginw1&func=Detalle&codigo=0004.004,HTTP 530,,
2026-09-07 17:33:14,EL LADRILLERO,27,https://elladrillero.com.ar/cobcgi?proid=cgsoftware&prog=loginw1&func=Detalle&codigo=0004.005,HTTP 530,,
2026-09-07 17:33:14,EL LADRILLERO,27,https://elladrillero.com.ar/cobcgi?proid=cgsoftware&prog=loginw1&func=Detalle&codigo=0004.007,HTTP 530,,
2026-09-07 17:33:14,EL LADRILLERO,28,http://elladrillero.com.ar/cobcgi?proid=cgsoftware&prog=loginw1&func=Detalle&codigo=0004.008,HTTP 530,,
2026-09-07 17:33:14,EL LADRILLERO,28,https://elladrillero.com.ar/cobcgi?proid=cgsoftware&prog=loginw1&func=Detalle&codigo=0004.019,HTTP 530,,
2026-09-07 17:33:14,EL LADRILLERO,29,https://elladrillero.com.ar/cobcgi?proid=cgsoftware&prog=loginw1&func=Detalle&codigo=0007.693,HTTP 530,,
2026-09-07 17:33:14,EL LADRILLERO,29,https://elladrillero.com.ar/cobcgi?proid=cgsoftware&prog=loginw1&func=Detalle&codigo=0007.694,HTTP 530,,
2026-09-07 17:33:14,EL LADRILLERO,30,https://elladrillero.com.ar/cobcgi?proid=cgsoftware&prog=loginw1&func=Detalle&codigo=0007.695,HTTP 530,,
2026-09-07 17:33:14,EL LADRILLERO,30,https://elladrillero.com.ar/cobcgi?proid=cgsoftware&prog=loginw1&func=Detalle&codigo=0007.696,HTTP 530,,
2026-09-07 17:33:14,EL LADRILLERO,31,https://elladrillero.com.ar/cobcgi?proid=cgsoftware&prog=loginw1&func=Detalle&codigo=0007.697,HTTP 530,,
2026-09-07 17:33:14,EL LADRILLERO,31,https://elladrillero.com.ar/cobcgi?proid=cgsoftware&prog=loginw1&func=Detalle&codigo=0007.651,HTTP 530,,
2026-09-07 17:33:14,EL LADRILLERO,32,https://elladrillero.com.ar/cobcgi?proid=cgsoftware&prog=loginw1&func=Detalle&codigo=0007.652,HTTP 530,,
2026-09-07 17:33:14,EL LADRILLERO,32,https://elladrillero.com.ar/cobcgi?proid=cgsoftware&prog=loginw1&func=Detalle&codigo=0007.653,HTTP 530,,
2026-09-07 17:33:14,EL LADRILLERO,33,https://elladrillero.com.ar/cobcgi?proid=cgsoftware&prog=loginw1&func=Detalle&codigo=0007.661,HTTP 530,,
2026-09-07 17:33:14,EL LADRILLERO,33,https://elladrillero.com.ar/cobcgi?proid=cgsoftware&prog=loginw1&func=Detalle&codigo=0007.662,HTTP 530,,
2026-09-07 17:33:14,CAS,11,https://castienda.com.ar/producto/tector-aditivo-hidrofugo-1230-x-20-lts-holcim/,HTTP 404,,
2026-09-07 17:33:14,CAS,12,https://castienda.com.ar/producto/sika-1-bidon-x-10-lts/,HTTP 404,,
2026-09-07 17:33:14,CAS,13,https://castienda.com.ar/producto/zocalo-de-eps-extra-line-blanco-mate-atrim/,HTTP 404,,
2026-09-07 17:33:14,CAS,13,https://castienda.com.ar/producto/zocalo-de-eps-line-blanco-mate-atrim/,HTTP 404,,
2026-09-07 17:33:14,CAS,18,https://castienda.com.ar/producto/ceramico-glaciar-36-x-36-alberdi-2da/,HTTP 404,,
2026-09-07 17:33:14,CAS,19,https://castienda.com.ar/producto/adhesivo-rellenador-pro-fix-atrim/,HTTP 404,,
